battery_power,blue,clock_speed,dual_sim,fc,four_g,int_memory,m_dep,mobile_wt,n_cores,pc,ram,sc_h,sc_w,brand
1043,1,1.8,1,14,0,5,0.1,193,3,16,3476,12,7,Nokia
841,1,0.5,1,4,1,61,0.8,191,5,12,3895,6,0,Xiaomi
1807,1,2.8,0,1,0,27,0.9,186,3,4,2396,17,10,Samsung
1546,0,0.5,1,18,1,25,0.5,96,8,20,3893,10,0,LG
1434,0,1.4,0,11,1,49,0.5,108,6,18,1773,15,8,ZTE
1464,1,2.9,1,5,1,50,0.8,198,8,9,3506,10,7,Nokia
1718,0,2.4,0,1,0,47,1,156,2,3,3873,14,2,ZTE
833,0,2.4,1,0,0,62,0.8,111,1,2,1495,7,2,ZTE
1111,1,2.9,1,9,1,25,0.6,101,5,19,3485,11,9,Nokia
1520,0,0.5,0,1,0,25,0.5,171,3,20,651,6,0,Samsung
1500,0,2.2,0,2,0,55,0.6,80,7,6,3866,13,7,HTC
1343,0,2.9,0,2,1,34,0.8,171,3,6,3911,15,8,ZTE
900,1,1.4,1,0,0,30,1,87,2,3,439,6,2,Samsung
1190,1,2.2,1,5,0,19,0.9,158,5,15,992,13,0,HTC
630,0,1.8,0,8,1,51,0.9,193,8,9,2751,17,6,Xiaomi
1846,1,1,0,5,1,53,0.7,106,8,7,563,9,5,Nokia
1985,0,0.5,1,14,1,26,1,163,2,17,2083,13,3,Apple
1042,0,2.9,0,5,1,48,0.2,186,4,15,2187,9,2,Nokia
1231,1,1.7,1,2,1,37,0.2,194,2,3,3902,19,12,Samsung
1488,0,2.6,0,9,0,37,0.7,189,4,20,2524,5,0,Xiaomi
968,0,0.6,0,8,1,7,0.7,151,1,17,1357,15,1,ZTE
529,0,2.6,1,1,0,60,0.5,101,5,5,3456,13,11,Xiaomi
1558,0,1.7,1,7,0,50,0.1,115,2,10,1641,17,0,LG
533,1,0.7,1,16,0,58,0.8,97,5,18,2322,17,3,LG
1037,0,1.7,1,1,0,5,0.7,125,3,6,3862,17,4,Xiaomi
1025,0,1.6,1,6,1,43,0.7,122,3,16,557,15,10,LG
1858,0,3,1,0,0,17,0.6,124,4,1,2427,16,11,ZTE
980,0,0.5,0,1,0,8,0.1,91,5,5,625,17,3,Apple
644,1,0.5,1,9,0,15,0.2,139,5,10,3836,10,9,Apple
1024,1,1.6,1,0,1,38,0.8,81,2,0,854,11,3,ZTE
1981,0,2.9,1,2,1,11,0.3,184,8,13,2383,11,2,Apple
1380,0,2.6,1,15,1,56,0.5,187,8,16,926,9,5,Nokia
1557,1,1.7,1,1,0,32,0.3,152,7,11,3048,17,11,Apple
1201,1,2.2,1,10,0,49,0.8,175,4,20,824,18,13,Apple
1074,1,1.2,0,0,0,45,0.8,193,3,6,874,11,7,Apple
1175,1,2.1,0,3,0,33,0.9,124,6,8,1617,5,3,HTC
1280,0,0.9,1,4,1,8,0.6,96,6,5,3309,17,16,Samsung
1715,0,0.6,1,1,1,28,0.4,112,6,16,1786,19,2,Xiaomi
1165,0,0.9,0,4,0,40,0.9,150,2,11,3128,13,0,HTC
567,0,2.6,0,0,0,2,0.2,87,4,1,2243,16,6,Samsung
1952,1,1.4,0,2,0,47,0.8,190,2,10,994,9,5,HTC
822,1,1.4,1,2,0,43,0.3,189,8,7,2749,13,4,ZTE
685,1,0.5,1,0,0,12,0.5,121,6,15,793,5,4,Xiaomi
1388,1,0.6,1,12,1,17,0.6,174,5,19,324,14,0,ZTE
1972,0,2.1,0,2,0,48,0.6,188,3,14,366,5,3,Nokia
1411,1,1.7,0,9,1,57,0.5,80,7,17,1228,17,3,Samsung
1094,0,2.3,1,2,0,20,0.9,135,1,5,1413,7,0,Apple
1653,0,0.7,1,1,1,13,0.5,114,4,15,2617,16,4,LG
916,0,2,1,9,0,33,0.7,142,7,20,1798,11,5,Apple
1712,0,0.8,0,1,0,29,0.3,149,7,6,2693,7,1,Nokia
882,1,0.9,1,13,0,32,0.8,103,8,14,2437,17,14,Xiaomi
632,0,1.2,0,6,1,33,0.5,101,2,10,837,16,4,Xiaomi
1442,1,0.5,1,0,0,56,0.4,165,3,3,2815,6,0,LG
900,0,1.9,0,11,0,47,0.2,150,8,14,1440,14,2,Apple
1630,1,0.6,1,4,0,20,0.9,153,7,10,3470,17,6,Apple
1596,1,1.4,1,6,0,24,0.3,174,5,15,1251,18,15,Samsung
1272,1,0.5,0,9,1,54,0.6,133,8,11,3181,10,6,HTC
1640,0,2.5,1,1,0,7,0.2,135,4,2,1361,9,1,Xiaomi
1111,0,1.4,1,10,0,15,0.5,198,7,14,1630,13,5,Apple
1889,1,2.9,0,15,0,25,0.3,90,2,17,3689,9,6,Xiaomi
1907,1,1.1,1,1,0,22,0.1,80,8,4,3586,11,2,Samsung
529,0,2.5,1,5,0,56,0.3,139,4,6,3942,10,0,LG
578,0,0.5,0,3,1,38,0.7,121,6,5,1431,5,0,Nokia
1634,1,2.3,1,2,1,39,0.4,164,1,7,2167,12,0,Xiaomi
1533,1,1.2,1,1,1,22,0.6,172,3,15,1248,9,2,LG
660,0,0.6,0,5,1,47,0.1,83,3,6,1986,8,0,LG
1847,1,1.6,0,10,1,28,0.2,111,4,14,1378,5,2,Nokia
1206,1,0.5,1,6,0,10,0.8,134,8,20,2959,5,1,HTC
549,1,0.5,0,3,1,53,0.8,173,5,5,1893,5,2,HTC
1705,1,2.8,0,2,1,23,1,122,3,20,1676,8,6,Nokia
1366,0,0.5,1,4,0,36,0.1,185,1,16,1912,17,13,Xiaomi
1991,0,0.5,0,5,0,58,0.6,109,5,6,1947,10,5,HTC
1102,1,1.2,0,5,1,40,1,175,3,14,2734,15,12,ZTE
1452,0,1.1,0,3,1,32,0.5,175,3,5,3617,16,1,Nokia
1810,1,1.1,1,6,0,63,0.9,151,1,19,3414,18,10,Samsung
1166,1,2.2,1,2,1,41,1,165,7,4,482,19,11,HTC
881,1,0.8,1,5,0,6,0.4,117,6,12,2813,18,1,Nokia
1134,1,0.5,1,0,1,64,0.5,166,5,0,661,13,7,HTC
1031,1,2,1,1,1,20,0.7,177,1,4,2546,9,6,ZTE
1376,1,2.4,1,0,1,34,0.4,167,6,1,3922,5,0,LG
1391,0,1.4,1,2,1,56,0.1,137,5,8,1199,15,8,HTC
979,0,2.1,0,6,0,24,0.6,124,5,16,3779,7,2,Samsung
1075,1,1.9,0,0,0,36,0.6,127,4,3,3870,8,3,Samsung
968,0,0.5,1,13,1,61,0.1,168,8,16,858,8,7,HTC
1999,0,0.5,1,1,1,15,0.7,183,8,11,3840,19,17,ZTE
1626,0,2.7,0,3,0,20,0.1,164,2,17,454,8,4,LG
942,0,1.7,1,14,0,28,0.8,153,8,20,3953,13,11,ZTE
1182,0,1.7,0,4,1,42,0.9,189,3,20,1633,14,3,HTC
1982,1,0.8,1,9,0,48,0.4,98,6,16,3035,10,4,LG
1373,0,1.4,1,3,0,27,0.6,80,8,6,966,14,0,ZTE
1151,0,1.7,1,8,0,44,0.5,107,8,17,1761,7,4,Xiaomi
1650,1,2.1,1,6,0,51,0.9,99,5,15,1938,14,0,Apple
1663,1,0.6,1,0,0,17,0.7,152,4,2,2820,14,1,Apple
1965,1,0.5,0,0,1,3,0.9,168,7,17,305,6,0,ZTE
679,0,0.9,1,0,0,41,0.3,154,4,1,2838,19,7,ZTE
1465,0,2.5,0,2,0,3,1,90,5,8,2042,8,2,Nokia
1809,1,2.2,1,3,0,27,0.3,137,5,19,700,11,10,Nokia
757,1,2.4,1,8,1,26,0.2,164,8,17,2593,19,3,HTC
1034,1,0.7,0,7,1,47,0.2,105,6,15,1835,8,1,ZTE
1119,1,2.5,0,9,0,23,0.8,81,4,19,3121,15,4,Nokia
559,1,0.5,1,0,1,24,0.8,103,4,5,2023,14,1,Xiaomi
1204,1,1.8,0,9,0,19,0.8,113,8,15,737,10,5,Apple
1008,0,2.3,1,4,1,15,0.4,89,8,19,450,11,7,Nokia
1397,1,2.7,1,4,0,19,0.5,146,7,13,2928,12,2,Xiaomi
697,0,0.6,1,0,1,34,0.1,114,4,6,1694,14,8,HTC
1939,1,1.3,0,5,0,58,0.3,174,2,17,2593,11,6,LG
1039,0,1.9,1,2,0,15,0.7,113,1,5,745,9,2,Nokia
1605,1,1.3,0,1,1,51,0.8,83,4,20,1310,11,9,Xiaomi
1094,0,1.6,1,2,0,34,0.6,128,8,4,2743,9,3,HTC
769,1,0.5,1,1,1,30,0.8,190,3,9,3976,12,10,ZTE
861,1,0.6,1,0,0,40,0.1,132,2,13,3931,18,14,Xiaomi
504,0,0.9,1,4,0,63,1,169,2,16,3455,17,15,Xiaomi
1930,1,1.6,1,5,1,64,0.3,119,4,17,1533,5,1,HTC
1795,1,0.6,1,10,0,52,0.3,140,2,16,3876,18,17,Samsung
1363,0,1.6,1,3,1,2,0.9,159,7,6,3239,11,5,Xiaomi
1376,1,2.8,0,3,1,38,0.1,195,2,4,3628,13,2,Xiaomi
1981,1,0.5,0,2,0,19,0.4,123,7,3,3663,15,0,Apple
1901,0,2.7,0,4,0,62,0.7,133,3,17,1786,16,10,ZTE
1319,0,1.3,1,10,0,5,0.1,140,8,17,3502,14,6,Apple
859,1,2.7,0,5,0,58,0.4,178,1,16,815,10,4,Nokia
1664,1,2.1,0,10,0,25,0.1,147,3,11,275,9,3,HTC
955,0,0.5,1,0,0,62,0.4,151,1,1,3758,15,3,Apple
517,0,1.5,1,3,0,38,0.1,97,7,4,2747,11,5,HTC
1806,0,1.1,0,2,1,64,0.3,133,5,7,1809,7,6,Nokia
1348,0,0.8,0,6,1,50,0.1,123,4,11,2086,12,8,Apple
1455,0,1.4,0,0,0,16,0.4,164,1,1,444,14,2,Apple
1611,0,1.7,1,5,0,25,0.6,92,5,18,3467,9,1,Nokia
1573,1,3,1,3,1,24,1,125,8,5,2776,5,3,LG
557,0,0.5,0,0,1,23,0.5,197,5,1,3170,12,2,ZTE
1599,1,0.5,0,4,0,31,0.1,130,2,5,1234,11,10,Nokia
1051,1,0.9,1,0,0,16,0.1,100,7,9,305,12,0,Nokia
1857,1,1.4,1,0,0,14,0.9,102,2,0,1745,15,10,Apple
1986,0,0.5,0,6,0,24,0.9,174,6,9,1707,5,3,Xiaomi
591,1,0.7,0,1,0,21,0.1,185,6,7,2220,11,10,LG
1140,0,1.6,1,0,1,56,0.3,131,7,4,3130,6,5,Xiaomi
923,1,0.6,0,0,1,10,0.8,80,2,3,1500,18,9,Apple
1582,0,0.5,0,0,0,33,0.4,200,1,9,2145,9,7,ZTE
723,0,0.5,0,5,0,63,0.5,172,8,14,488,5,0,Apple
1251,1,3,1,3,1,54,0.8,83,5,4,3863,6,1,LG
574,1,1,1,4,1,60,0.1,139,2,7,2913,14,0,LG
948,1,0.5,1,5,1,60,0.2,116,2,10,2094,12,7,HTC
1571,0,2.8,1,4,0,44,0.4,194,5,5,3141,8,1,Xiaomi
564,1,0.5,0,2,0,33,0.6,192,1,6,2573,13,6,Nokia
1466,0,2.4,1,14,1,57,0.9,155,6,18,2340,18,15,Xiaomi
597,1,3,1,0,0,16,0.5,140,2,0,3788,12,0,LG
895,1,2.5,1,10,1,9,0.5,148,7,14,3445,11,5,HTC
1535,0,2.5,1,13,1,37,1,82,4,16,3241,6,0,Samsung
1832,1,0.7,0,7,0,44,0.3,125,2,17,2976,19,3,LG
1045,1,1.6,0,0,1,58,0.2,177,4,12,2241,19,15,Xiaomi
1483,1,0.8,0,4,1,61,0.6,128,1,10,3843,11,8,Samsung
976,0,2,0,0,1,5,0.9,184,7,14,3261,8,2,Apple
1840,1,1.1,1,0,0,46,0.1,123,4,2,3264,8,4,LG
1807,0,0.6,1,0,0,8,0.1,89,8,15,826,11,1,Nokia
624,1,1.6,1,14,0,30,0.1,192,2,16,1314,16,1,ZTE
1963,0,0.5,0,7,1,38,0.4,193,3,15,2699,7,0,Apple
1307,1,0.5,0,0,1,4,0.3,132,4,1,2565,8,4,Apple
1933,1,0.5,1,6,0,23,0.1,102,7,7,3973,13,10,HTC
1496,1,1.3,1,0,0,42,0.9,124,2,5,3537,15,14,ZTE
1532,1,2,0,0,0,7,0.2,134,2,10,3449,5,4,HTC
1004,0,1.1,1,7,1,8,0.8,97,2,9,3895,14,13,ZTE
1483,1,1.2,1,10,1,38,0.1,87,5,14,2777,17,9,HTC
945,0,2.4,0,3,0,47,0.4,141,2,11,2904,19,14,Nokia
1081,0,3,0,7,1,17,0.1,89,5,17,3774,17,15,Xiaomi
1012,0,2.8,1,6,1,32,0.9,87,3,14,3034,17,5,Xiaomi
1762,0,1,0,5,0,50,0.9,104,3,12,2940,19,18,Nokia
796,1,2.3,1,1,1,36,0.3,127,8,14,3932,5,1,Xiaomi
1547,0,2.5,0,12,1,50,1,98,5,16,1168,17,2,LG
988,0,1.6,0,6,1,12,0.8,132,4,8,376,9,1,ZTE
1180,1,3,0,7,1,43,0.8,102,1,16,3510,9,5,Xiaomi
852,1,1.9,0,3,1,3,0.5,161,2,4,542,14,9,Apple
607,1,0.8,0,1,1,18,0.2,146,7,3,550,12,1,HTC
1765,0,0.5,0,0,0,24,0.4,135,1,0,791,5,1,Apple
1250,0,0.5,0,18,0,63,0.7,165,1,19,1895,13,6,Samsung
1577,0,2.6,1,0,0,55,0.5,109,5,0,609,6,0,ZTE
1153,1,0.5,1,5,0,14,0.2,135,5,6,263,19,10,Apple
651,1,0.7,0,0,0,35,0.4,113,7,5,2141,13,4,Samsung
1186,1,2.3,1,1,0,25,0.1,88,4,7,1270,18,9,HTC
1429,1,2.5,0,6,0,33,0.1,121,5,7,403,11,6,Samsung
556,0,0.9,0,4,1,10,0.8,135,8,12,2040,13,12,LG
1735,1,2.7,0,5,1,21,0.1,126,3,8,2597,16,12,LG
1859,0,0.7,0,8,1,42,0.1,127,2,16,714,19,7,Samsung
915,0,1.3,0,3,0,10,0.1,188,2,5,423,13,3,Samsung
890,0,0.5,0,5,0,9,0.4,113,1,10,1238,6,2,Samsung
758,0,2.8,0,13,0,48,0.7,101,3,18,926,9,5,Xiaomi
541,0,2.1,0,0,1,28,0.4,156,7,4,2704,14,0,Samsung
586,0,2.9,1,6,1,33,0.2,195,8,17,2817,5,2,ZTE
762,1,0.6,1,11,1,39,0.7,164,1,14,2271,12,7,ZTE
683,0,0.5,1,0,1,9,0.8,186,7,3,1513,6,5,Nokia
1526,0,0.7,1,10,0,39,0.4,125,3,20,339,10,9,HTC
1771,1,2.4,0,6,0,39,0.7,188,2,9,794,9,1,HTC
639,0,1.3,0,5,0,28,0.9,113,7,16,391,6,2,HTC
1783,1,0.9,0,7,1,23,0.9,137,2,8,541,9,5,HTC
1933,0,1.2,0,16,1,55,0.2,166,5,20,648,10,7,Samsung
1384,0,1.3,1,3,1,62,0.4,153,1,5,3386,19,1,LG
1770,0,2.6,0,12,0,26,0.5,80,1,17,1651,18,6,Apple
1202,0,0.8,0,2,0,49,0.5,131,1,8,1177,15,13,Samsung
885,0,0.5,1,2,0,3,0.5,163,7,8,2887,5,1,ZTE
1629,1,2.3,0,2,1,2,0.8,86,6,19,2178,19,10,Samsung
1072,1,0.5,1,6,1,4,0.5,92,1,12,2878,7,5,Apple
1863,1,2.5,1,0,0,64,0.7,89,5,1,3201,5,4,ZTE
1739,0,2.3,1,1,0,51,0.4,140,4,15,1490,5,1,ZTE
895,1,2.5,0,2,0,23,0.5,98,5,3,2724,16,14,HTC
1278,1,2.8,1,0,0,56,0.6,179,1,7,3032,9,5,Apple
562,1,1.1,1,1,1,43,0.3,141,6,17,3352,13,12,Nokia
1249,1,2.1,1,0,0,38,0.8,193,5,10,3195,19,7,Xiaomi
1811,0,1.2,0,18,1,25,0.8,185,6,19,1677,10,6,LG
560,1,2.9,1,1,1,12,1,161,5,19,2620,13,0,Xiaomi
1773,1,0.5,0,14,1,61,0.1,141,7,20,1061,17,4,Apple
1715,1,2.1,0,5,0,11,0.4,100,3,10,1018,16,5,HTC
725,0,0.5,1,0,1,26,0.8,176,5,1,1370,7,6,HTC
800,1,2.2,0,5,1,41,0.1,103,6,9,2094,17,16,Samsung
1300,0,0.5,0,6,1,43,0.1,156,3,12,2790,15,4,HTC
1001,0,0.8,0,0,0,48,1,98,5,0,1485,10,2,Nokia
500,0,1.3,1,13,0,64,0.9,134,4,17,2807,19,7,HTC
1378,1,2.5,1,4,1,52,0.5,184,3,7,3528,5,1,LG
951,1,2.4,0,1,1,24,0.1,147,8,20,3391,19,4,Samsung
1038,1,0.5,1,1,0,48,0.2,99,6,2,1073,5,4,Xiaomi
987,1,1.2,1,1,0,20,0.9,108,6,5,2811,7,4,Xiaomi
1698,0,0.5,0,6,1,21,0.1,196,7,7,778,7,3,Nokia
1762,1,0.9,1,14,0,11,0.1,107,4,17,3628,9,3,HTC
785,0,2.4,0,6,0,16,0.2,135,3,13,2637,12,8,HTC
1851,0,2.4,1,2,0,59,0.1,151,3,18,2892,10,0,Nokia
1698,0,0.5,1,2,0,62,0.4,189,3,13,2805,11,2,Nokia
1976,0,2.8,0,0,0,4,0.8,93,8,1,804,5,1,HTC
1649,1,0.5,0,4,1,53,0.4,162,4,11,361,12,7,Apple
1157,1,2.6,1,4,0,4,0.9,149,7,6,1453,17,10,Samsung
1702,0,0.5,0,1,1,54,0.4,131,5,2,359,13,12,LG
1040,1,0.6,0,0,0,54,0.3,199,2,5,3886,15,5,Nokia
790,1,2.1,1,2,1,29,0.7,106,6,11,557,11,2,HTC
1429,0,2.9,0,2,0,58,0.2,128,4,3,2005,15,1,Samsung
739,1,3,0,14,0,56,0.7,103,8,20,630,17,2,Samsung
1364,1,1.6,1,6,1,44,0.1,174,7,8,2741,9,3,Samsung
1580,0,2.8,1,0,0,45,1,196,8,7,2214,12,9,LG
1384,1,2.2,1,0,0,49,0.7,189,1,0,1387,13,3,HTC
1037,0,2.9,1,2,0,57,0.7,83,6,5,3148,16,13,Samsung
1519,0,1.5,0,12,0,43,0.1,183,1,14,853,5,0,Apple
989,0,0.5,0,15,0,20,0.4,153,1,16,3614,17,5,Samsung
1040,1,0.5,1,3,0,41,0.8,116,3,18,1006,12,7,Apple
1240,1,1.4,0,3,1,9,0.9,93,5,7,3959,14,9,Nokia
1273,1,2,0,15,1,7,0.9,143,1,16,1743,12,7,Xiaomi
1784,0,0.5,0,8,0,28,0.3,171,4,9,2192,15,13,Xiaomi
1169,1,1.4,1,7,1,51,0.1,177,7,19,329,14,6,Apple
703,1,2.4,0,1,1,27,0.1,138,1,6,502,12,4,LG
959,1,1,0,5,1,15,0.4,119,5,9,3000,15,0,Apple
1292,1,3,1,1,1,63,0.3,157,6,8,1413,13,2,HTC
1927,1,2.1,0,0,0,5,0.9,139,6,1,2913,15,10,ZTE
1477,1,1.7,0,1,0,15,0.4,178,8,5,2684,18,13,Samsung
1759,0,0.5,1,9,0,58,0.2,101,2,12,3428,17,0,Nokia
831,0,2.2,0,0,1,31,0.3,197,3,1,1629,8,1,Samsung
1803,0,1.1,1,1,1,41,0.2,146,2,10,1873,14,1,Apple
1361,0,0.6,0,0,1,64,1,91,3,2,3751,18,6,LG
1183,1,1.4,0,1,0,32,0.8,197,1,4,637,12,6,LG
917,1,1.3,0,0,0,53,0.2,166,5,1,603,12,6,Nokia
1278,1,0.5,1,2,0,7,1,192,5,3,3067,10,2,Xiaomi
1247,1,0.5,0,0,0,28,0.4,191,7,5,3268,16,3,Apple
930,0,1,1,5,1,40,0.8,128,7,15,3816,13,0,Apple
1019,0,1.7,1,0,1,5,0.7,177,3,8,1850,10,5,LG
1855,1,0.8,0,0,1,26,0.8,161,4,0,3481,8,7,ZTE
1730,0,0.5,1,4,0,54,0.7,93,3,7,1695,19,5,Nokia
1972,0,2.2,1,4,1,5,0.9,95,3,19,625,10,1,ZTE
1887,0,2.3,1,4,0,35,0.9,115,2,7,3203,7,5,Samsung
1590,0,1.9,0,0,0,13,0.4,111,6,1,2440,19,0,HTC
603,1,2.7,0,0,1,42,0.2,135,8,0,1934,14,10,Samsung
560,1,2.1,0,11,1,37,0.6,121,4,14,3278,15,9,Nokia
1981,1,1.6,1,10,0,34,0.1,117,5,20,3764,11,4,LG
1190,1,2.1,0,0,1,18,0.6,160,6,2,3571,6,5,Samsung
1396,1,0.8,1,7,1,10,0.3,108,4,16,3881,13,0,Samsung
1598,1,1.7,1,0,0,57,0.9,89,1,1,1663,14,9,HTC
1692,0,2.2,0,5,1,11,0.1,151,3,7,524,5,2,Apple
628,1,0.5,0,0,1,26,0.5,106,8,2,1853,13,10,HTC
1883,0,0.7,1,1,0,6,0.9,145,6,4,2067,8,0,ZTE
819,1,0.5,0,5,1,16,0.1,163,1,10,3325,15,5,HTC
651,0,1.6,1,0,1,7,0.6,129,1,6,2151,19,10,Xiaomi
723,0,1.1,0,2,0,27,0.7,145,2,9,2044,13,6,Xiaomi
1367,1,0.9,0,2,1,58,0.6,184,4,20,3946,16,9,LG
1784,1,1.4,0,1,1,3,0.3,125,5,5,2110,10,5,Apple
1744,1,0.9,1,5,1,35,0.3,137,7,9,656,17,4,Xiaomi
1086,0,2.5,0,11,0,7,0.5,116,6,14,3297,18,0,Samsung
899,0,1.7,1,0,1,3,0.1,165,8,0,1296,14,11,Xiaomi
896,0,0.8,0,3,0,29,0.5,91,6,10,1650,16,6,Xiaomi
1714,0,1.6,1,9,1,59,0.5,186,8,19,2546,18,10,LG
1395,1,0.6,0,5,0,38,0.3,167,6,16,915,5,4,Apple
786,0,1.8,1,2,0,28,0.5,198,1,7,331,14,2,LG
1687,0,1.2,1,4,0,14,0.9,120,2,14,3975,19,3,ZTE
669,1,2.6,1,18,1,10,0.6,171,5,20,2801,6,2,Xiaomi
1423,1,2.1,0,1,0,51,0.8,178,4,18,3331,8,2,HTC
1600,0,2,1,5,0,44,0.1,98,1,8,2939,8,3,LG
1621,1,0.6,1,14,0,59,0.7,160,7,16,2706,12,3,Nokia
1672,1,1.9,0,10,0,37,0.3,194,7,15,1335,7,1,Apple
1934,0,2.7,0,9,1,48,0.1,128,4,18,3370,7,6,ZTE
1650,1,0.6,0,0,0,62,0.3,81,3,15,2596,5,2,Apple
1700,0,0.5,1,1,0,33,0.8,189,5,2,2477,9,8,Nokia
1550,1,2,0,1,1,29,0.6,171,5,2,3465,10,1,HTC
626,0,1.9,0,4,0,8,0.2,185,2,6,2589,15,10,Xiaomi
1737,1,2,1,0,0,14,0.4,156,5,2,2363,8,0,Xiaomi
1370,0,1.7,0,1,0,6,0.7,113,1,7,1302,7,3,ZTE
1899,1,0.8,1,15,0,14,0.4,191,4,16,1677,5,1,ZTE
848,1,0.6,0,0,0,31,0.7,123,5,1,1108,15,6,Apple
1430,1,2,1,0,1,16,0.2,171,4,1,2916,6,3,Apple
768,1,0.5,1,1,0,45,0.1,175,4,16,3947,6,1,Xiaomi
1856,1,1.9,1,9,1,15,0.5,160,3,14,1514,7,1,ZTE
900,1,0.5,0,11,1,64,0.7,149,4,12,942,13,5,Nokia
1729,0,2.3,1,0,0,38,0.2,136,7,8,700,8,2,ZTE
1533,1,2.8,0,3,0,42,0.2,87,1,13,3246,10,2,ZTE
1210,1,2.3,0,0,0,63,0.9,141,6,4,977,14,6,Samsung
1880,1,1.8,1,1,1,10,0.5,198,8,4,3538,19,16,HTC
996,0,0.5,1,14,0,61,0.8,174,7,15,1235,11,10,HTC
1175,0,3,1,12,1,40,0.1,172,5,18,1507,15,14,ZTE
1773,0,0.5,1,7,0,33,0.3,143,5,13,1994,16,9,HTC
1263,0,2.4,1,11,1,54,0.6,100,5,14,458,12,5,Xiaomi
1956,0,1.2,1,10,1,5,0.8,156,4,11,2130,7,3,LG
992,0,1.6,1,10,0,27,0.3,162,4,14,3894,15,9,Nokia
911,1,1.7,0,1,1,13,0.3,126,5,2,1843,13,6,Apple
1979,0,0.5,1,15,0,54,0.3,136,3,19,3151,12,1,Samsung
1899,0,0.5,1,0,1,55,0.3,93,4,0,1796,7,4,HTC
1649,1,0.8,1,1,1,40,0.1,159,3,3,2755,15,9,LG
1095,1,1.8,1,9,0,47,0.3,152,6,15,1334,12,2,Samsung
1074,0,0.7,0,0,1,61,0.6,117,4,11,2791,7,1,Samsung
656,0,2.7,1,0,1,48,0.2,164,2,0,1132,5,0,Nokia
1394,1,2.7,1,7,0,8,0.8,150,3,9,730,15,7,ZTE
1632,1,1.1,0,2,1,45,0.8,132,4,3,379,18,13,Samsung
1225,0,2.9,0,13,0,35,0.5,128,3,17,1261,12,4,HTC
1337,1,2.4,1,0,0,48,0.9,107,6,2,3213,10,5,LG
1178,1,1.1,1,0,1,11,0.5,98,2,1,2106,17,10,Apple
1269,0,1.5,1,1,0,51,0.7,180,4,19,827,15,6,HTC
1526,1,1.2,0,7,1,32,0.5,128,4,12,647,19,3,Samsung
986,0,0.7,1,7,1,16,0.4,144,8,9,300,8,5,Samsung
848,0,0.5,1,1,1,41,0.2,171,2,2,3939,6,3,HTC
1904,1,0.5,1,8,0,14,0.5,95,4,13,2091,8,0,Xiaomi
803,1,2.2,1,0,0,16,0.1,105,1,0,1492,17,12,Apple
1399,1,1.9,1,1,0,56,0.3,153,1,15,3128,17,2,HTC
788,1,1.5,1,0,1,22,0.5,163,4,6,3750,13,10,Xiaomi
579,1,1.1,0,6,1,58,0.2,125,1,9,1435,18,9,HTC
1010,0,0.7,1,4,1,28,0.5,195,8,5,3302,14,2,Samsung
530,1,0.5,1,0,0,47,0.5,93,3,2,3455,19,8,ZTE
1289,1,1.8,0,1,0,64,0.6,125,7,14,2782,9,3,Samsung
1877,1,0.5,0,4,0,10,0.9,123,8,6,3969,6,0,Apple
1764,0,2.7,0,11,1,48,0.9,90,7,17,1589,19,10,Nokia
1709,0,2.2,1,1,1,13,0.6,191,6,6,3899,16,13,Apple
1690,0,1.3,1,0,0,28,0.9,85,3,1,3571,18,2,Nokia
600,0,2.5,1,3,0,9,0.2,145,4,10,2800,17,6,ZTE
743,0,0.5,0,9,1,53,0.3,149,2,10,2938,9,3,HTC
1850,0,2.2,1,9,0,41,0.8,133,8,13,3032,8,1,LG
1297,0,0.5,1,12,0,17,0.1,196,1,14,3652,19,4,Apple
1706,0,1.8,1,10,1,44,0.2,137,5,13,3238,5,3,HTC
1967,0,0.5,0,11,1,23,0.6,135,5,16,325,16,0,Apple
1392,1,0.5,1,6,0,63,0.5,181,2,9,3850,12,8,Samsung
1248,1,2.1,1,2,1,12,0.1,170,2,3,1266,11,0,Nokia
894,1,0.5,1,2,0,27,0.3,192,2,6,3454,9,4,Xiaomi
1829,0,0.5,0,2,1,54,0.6,98,3,20,1634,7,0,Samsung
1372,0,0.6,0,3,1,42,0.7,124,6,10,3208,18,5,Apple
1429,1,1,0,7,0,11,0.7,150,4,8,1955,7,5,LG
706,0,0.5,1,10,1,4,0.8,190,5,18,3735,12,7,ZTE
649,0,1.9,0,0,0,51,0.6,179,4,12,3446,11,5,ZTE
1137,1,0.8,0,3,1,7,1,122,3,18,946,13,4,ZTE
1320,1,0.5,1,11,1,6,0.2,164,1,14,1626,11,9,LG
792,0,0.8,0,7,0,48,0.5,144,4,16,1583,15,2,Apple
918,1,2.7,0,7,0,25,0.9,149,7,8,3676,6,2,Xiaomi
929,1,0.5,1,7,1,13,1,146,7,8,1704,15,2,Apple
767,1,0.5,1,4,0,30,0.8,100,5,8,3485,9,1,Apple
1739,0,2.6,0,9,0,39,0.5,135,8,10,1882,13,12,ZTE
1315,0,0.5,0,0,1,15,0.4,134,1,0,3928,8,4,HTC
1388,0,1.4,1,4,1,31,0.6,184,1,14,346,8,2,Apple
1981,0,2.5,1,1,0,36,0.3,94,4,2,395,9,7,Xiaomi
569,0,0.5,1,1,1,53,1,170,8,20,1243,17,10,LG
1930,0,1.3,0,2,0,57,0.2,151,1,9,682,16,10,Apple
725,1,0.5,0,10,0,61,0.8,108,3,17,3074,7,6,Samsung
1690,0,2.2,0,0,0,51,0.8,130,8,15,451,6,4,ZTE
712,1,1.4,0,1,1,33,0.2,86,4,5,1471,15,0,Nokia
1603,1,0.5,1,8,1,37,1,95,8,9,1748,15,10,Samsung
1850,1,2.8,0,0,0,18,0.1,132,8,3,1853,15,0,HTC
1472,1,0.7,1,4,1,41,1,145,3,6,1514,8,1,Xiaomi
1858,0,0.7,1,1,1,43,0.2,167,5,3,1886,9,3,Samsung
1543,1,2.6,1,0,1,46,0.8,116,8,13,3023,6,4,HTC
652,1,2.8,1,4,0,37,0.8,174,6,11,2904,16,8,Apple
546,0,1.8,1,6,1,55,0.9,100,6,12,628,12,3,HTC
1408,1,1.4,1,1,0,6,0.9,145,8,3,1833,9,1,Samsung
1021,0,1.5,1,3,1,31,0.1,97,7,10,1066,18,15,LG
567,0,1.4,1,14,0,60,0.1,111,2,15,1150,17,16,Xiaomi
1967,1,2.6,1,4,0,62,1,91,8,10,2839,13,7,ZTE
1658,0,2,1,8,1,61,0.1,180,3,20,2857,7,1,Xiaomi
1088,1,3,1,2,1,52,0.3,164,7,4,1447,19,16,HTC
542,1,0.7,0,2,1,12,0.2,185,2,3,3445,17,2,Apple
788,0,1.6,1,6,1,52,0.1,96,1,20,1941,14,0,HTC
576,1,2.5,1,10,0,57,0.7,179,5,15,2522,11,5,HTC
950,1,1.6,0,5,1,41,0.5,188,3,20,2932,10,7,LG
518,1,0.8,0,3,1,17,0.5,133,3,7,2239,7,3,Samsung
1996,1,1.9,0,4,0,55,0.3,81,7,8,1852,8,2,ZTE
1197,0,2.9,0,6,1,38,0.1,83,6,17,3525,13,9,Apple
1006,1,2.5,1,9,0,14,0.7,186,1,12,1955,17,6,Xiaomi
1679,1,1.5,0,2,1,4,0.1,133,4,3,1557,16,15,HTC
1262,0,1.4,1,7,1,64,0.1,116,7,16,3060,5,1,Nokia
560,0,1.3,1,13,0,29,1,160,1,19,2832,16,1,Nokia
904,0,2.4,0,5,1,55,0.6,158,4,13,2008,6,1,HTC
1834,1,2.1,0,1,1,55,0.1,137,3,10,2420,15,3,Nokia
681,0,1.2,1,8,0,13,0.8,87,3,17,292,12,10,Apple
687,0,0.6,1,13,1,14,0.4,185,2,16,1580,19,4,LG
863,0,2.9,0,11,1,52,0.8,119,6,13,1345,7,0,Nokia
518,1,2.7,0,0,1,45,0.7,159,6,15,1208,10,9,Apple
1488,0,1.8,0,0,1,2,0.1,124,4,0,3349,17,6,LG
944,0,2.4,0,0,0,35,0.5,127,3,1,2804,9,4,Xiaomi
1283,0,0.5,1,6,0,48,0.5,176,6,9,1182,11,8,Nokia
817,1,1,1,13,1,40,0.8,140,4,17,436,19,6,LG
804,0,2.6,1,2,0,49,0.6,105,1,18,2256,16,1,Samsung
1883,1,2.6,0,2,1,50,0.1,169,5,3,427,17,8,Samsung
1177,0,0.5,0,5,1,2,0.9,141,7,12,715,19,5,ZTE
1765,1,2,0,7,0,18,0.9,85,4,8,1199,7,4,Apple
1997,0,2.1,0,10,1,60,0.7,84,8,16,788,17,15,Apple
989,1,2.6,1,1,0,14,0.2,148,4,11,507,13,10,HTC
1370,1,0.6,1,0,1,56,0.5,124,6,3,974,5,4,LG
861,0,0.5,0,0,0,64,0.8,105,7,1,600,15,1,Nokia
1745,0,1.8,0,0,0,45,0.1,110,2,2,2352,11,9,Apple
1187,0,0.6,1,0,1,4,0.7,92,8,0,2518,14,12,LG
1422,1,1.8,0,12,0,3,0.9,145,1,13,3941,9,7,Xiaomi
658,1,2.4,0,0,1,38,1,94,8,1,2585,19,2,Samsung
1180,1,2.3,1,0,1,32,0.8,97,2,1,3504,17,7,HTC
521,1,2.6,1,1,1,64,0.8,200,4,11,834,6,5,Nokia
666,0,1.1,0,1,1,28,0.9,179,1,13,3850,7,5,Apple
805,1,1.5,0,0,0,25,0.3,174,2,3,1580,15,13,Nokia
1008,1,2.9,0,0,0,39,0.9,161,6,5,3589,14,1,ZTE
986,0,2.8,0,0,1,26,0.1,80,8,9,1316,7,5,Samsung
1655,0,2,0,0,0,23,0.6,192,2,1,1872,11,9,Nokia
1391,1,0.5,0,0,1,53,0.2,114,5,1,1114,8,0,Nokia
1042,1,0.5,1,11,0,13,0.1,148,3,20,1715,17,7,Nokia
916,1,1.1,1,5,1,44,0.9,116,3,16,2367,8,5,Apple
681,0,2.6,0,1,0,29,0.9,162,3,7,575,15,5,Xiaomi
1224,1,1.1,1,1,1,34,1,138,6,3,2992,13,5,Xiaomi
1234,0,2.1,1,4,1,44,0.4,107,3,17,2819,13,3,Xiaomi
1093,1,2.7,0,8,0,63,0.5,138,8,9,3556,13,2,Xiaomi
583,0,0.5,0,9,1,33,0.9,136,5,18,3236,12,9,Nokia
1598,1,1,1,8,1,49,0.5,115,2,14,1313,12,2,Apple
1988,1,2.8,1,3,0,34,0.4,163,3,16,2872,7,6,Samsung
1746,0,0.5,1,9,0,51,0.8,184,7,19,1822,18,17,Nokia
907,1,2.7,0,8,0,53,0.7,156,2,13,3469,8,5,ZTE
1472,0,0.5,0,3,1,53,0.7,103,1,4,2001,14,0,ZTE
916,1,1.3,0,5,0,10,0.8,173,4,8,3706,9,8,Apple
1427,1,0.8,1,2,0,31,0.9,186,1,20,2542,7,6,Nokia
1101,1,2.9,1,3,0,5,0.5,141,5,7,1567,15,2,Xiaomi
723,1,0.5,0,0,0,36,0.8,104,4,0,2669,17,6,Nokia
1403,0,0.7,1,4,0,32,0.1,117,1,5,2499,16,10,ZTE
657,1,0.8,1,4,0,45,0.1,87,1,6,2273,15,12,HTC
1688,1,0.8,0,0,0,14,0.9,118,1,2,1773,13,0,Nokia
1086,0,0.5,0,10,0,35,0.6,125,7,17,421,7,5,Xiaomi
876,1,1.1,0,2,1,48,0.9,196,2,3,630,17,9,HTC
1065,0,0.5,0,0,0,25,0.6,189,6,1,1114,5,1,Samsung
1235,0,1.5,0,3,0,33,0.1,164,8,16,1623,10,3,Nokia
1959,1,2.7,0,0,1,2,0.2,92,3,11,2125,14,7,HTC
650,1,1.5,0,12,0,48,0.8,187,4,14,1622,8,6,ZTE
1465,1,2.9,0,0,0,38,0.3,88,1,7,1162,14,10,Nokia
1030,0,0.9,0,6,1,29,0.1,113,1,7,3762,5,4,Nokia
853,1,1.9,1,17,1,26,0.5,94,6,18,3069,19,17,Nokia
744,1,2.2,0,6,1,52,0.9,196,4,7,1571,7,5,Samsung
583,1,1.1,1,15,0,24,0.4,168,2,19,3260,14,6,LG
690,0,0.5,0,2,0,62,0.3,88,1,9,3206,16,10,Xiaomi
683,1,1.9,1,16,1,56,0.1,190,1,17,592,17,9,Apple
590,0,2.3,1,2,0,30,0.3,178,3,14,1188,18,11,HTC
1266,1,1,0,0,1,2,0.7,87,7,1,3067,11,10,Apple
815,1,1.8,0,9,0,18,0.9,83,7,12,2131,17,7,Xiaomi
1893,1,1.5,1,0,1,42,0.5,179,1,3,1425,19,1,Samsung
1202,0,2.5,1,3,0,22,0.4,112,2,8,291,5,2,HTC
1577,1,1.5,0,16,1,3,0.7,180,8,17,3116,13,6,HTC
1234,0,2.9,0,8,1,44,0.8,129,1,12,2440,7,4,Apple
717,0,1.8,0,1,1,25,0.4,173,5,8,3631,6,5,Apple
1074,1,1.5,0,5,0,35,0.6,193,4,13,1104,16,10,Xiaomi
1439,1,1.2,0,11,1,58,0.2,183,1,20,3069,17,11,Apple
983,1,1.6,0,7,1,55,0.4,168,8,8,1425,14,0,ZTE
1988,0,2.5,0,7,1,63,0.6,153,4,11,2276,13,7,Xiaomi
1692,0,1.3,1,0,1,25,0.7,149,3,12,3192,9,4,Samsung
718,1,0.5,1,2,0,35,0.9,181,4,5,3021,10,4,HTC
1519,0,0.5,0,0,1,36,0.6,93,8,2,3082,18,11,HTC
776,0,3,1,9,0,9,0.5,110,2,12,1346,5,2,HTC
881,1,2.8,0,1,0,36,0.5,167,1,6,2354,19,10,Apple
1018,0,0.6,1,0,1,25,0.8,152,7,2,732,12,8,HTC
1031,1,0.5,1,2,1,31,0.1,82,8,19,2305,10,4,ZTE
875,0,1,0,14,0,37,0.6,151,7,20,2985,6,1,HTC
1341,0,1,0,5,1,40,0.2,128,5,12,265,19,3,Xiaomi
560,1,2.4,0,4,1,5,0.3,106,1,8,2050,18,13,LG
1719,0,2.1,0,0,1,63,0.7,189,7,2,1669,14,0,LG
1703,0,1.6,0,16,1,43,1,139,8,17,585,13,11,ZTE
1408,1,1.8,0,1,0,59,0.8,168,1,2,342,8,0,ZTE
701,1,0.8,0,3,0,53,0.2,87,4,7,1972,9,8,Apple
1560,1,0.5,0,14,0,47,0.3,172,2,18,1540,17,7,Nokia
695,1,1,0,4,0,51,0.8,93,5,5,2463,7,2,LG
1487,0,0.6,0,18,1,6,0.8,191,4,19,3259,11,9,Samsung
1546,1,2.7,0,3,0,55,0.2,115,7,14,3371,16,7,HTC
511,1,0.7,0,12,1,43,0.4,120,4,15,3370,16,5,HTC
507,0,1.1,0,5,0,33,0.6,186,1,6,2884,18,7,Samsung
1490,1,1.1,0,2,0,10,0.6,130,2,7,2994,16,1,LG
1859,0,0.5,0,0,1,52,1,187,1,2,1604,15,12,HTC
1257,0,1.8,0,3,1,31,0.6,155,5,10,2014,15,8,Nokia
926,0,2.7,1,0,1,29,0.7,118,5,18,2709,5,4,Xiaomi
1303,0,0.5,0,2,0,7,0.6,98,4,5,2865,17,3,Apple
657,0,1.6,1,0,0,35,0.6,143,5,14,3617,17,14,Samsung
1812,0,0.9,1,9,0,44,0.2,197,3,16,3814,9,6,Xiaomi
1943,0,0.5,1,0,1,29,0.4,121,1,1,1990,5,2,Apple
1082,1,0.9,0,4,1,24,0.9,167,7,9,1428,16,0,Apple
721,1,2.6,0,1,0,49,0.6,168,4,8,3473,15,8,Xiaomi
654,1,1.5,1,2,0,56,0.7,122,1,4,2609,7,2,Nokia
1948,1,0.7,0,2,0,31,0.4,122,2,7,2070,5,3,HTC
1242,0,1.8,1,4,1,56,0.1,122,1,8,2620,18,11,Nokia
1453,1,0.5,0,0,0,24,0.3,156,1,1,1619,11,5,HTC
1948,1,2.7,0,3,1,13,0.2,164,7,12,493,18,7,Apple
1232,0,0.9,0,5,0,58,1,142,6,6,2334,14,8,Apple
795,0,0.5,1,4,1,55,0.3,155,3,11,3030,12,8,ZTE
1915,0,0.5,0,4,0,24,0.2,106,4,17,345,18,10,HTC
532,0,0.5,0,7,0,51,0.6,180,7,14,1525,7,6,Nokia
1899,1,0.5,0,4,1,28,0.1,95,5,7,499,5,3,Nokia
1767,0,2,0,5,0,31,0.6,88,5,8,3989,13,8,Xiaomi
1667,1,2.5,0,17,0,5,0.8,119,3,20,1496,13,9,Nokia
1346,0,2.6,1,5,0,31,0.3,140,4,11,1287,10,6,LG
958,1,2.4,0,1,0,54,0.9,166,7,2,3324,11,10,HTC
1391,0,1.5,1,6,1,39,0.9,88,3,18,2367,18,11,Nokia
1176,1,2.3,0,0,0,56,0.7,103,2,1,2974,6,5,Xiaomi
1863,0,1,1,5,1,16,0.4,113,2,19,990,6,5,Samsung
1911,0,1.1,1,3,1,16,0.7,154,7,4,3665,14,12,Nokia
1789,1,1.8,1,6,1,36,0.5,123,6,11,815,5,0,ZTE
972,1,1.6,0,2,0,64,0.1,85,1,9,2759,13,7,Nokia
1256,0,0.5,0,3,0,8,0.4,191,1,9,2991,7,6,Xiaomi
1846,0,1.3,1,0,0,35,0.7,107,6,0,581,16,4,ZTE
1900,0,1.4,0,0,0,41,0.4,112,8,1,3611,14,1,Apple
769,1,0.6,1,19,1,52,0.7,118,4,20,431,15,4,LG
756,0,1,0,0,0,33,0.2,177,1,3,3402,19,0,ZTE
1728,0,2.3,1,0,1,43,0.7,152,1,0,3480,11,8,LG
1970,0,2.9,0,3,1,9,0.2,163,2,7,768,13,2,Xiaomi
1021,0,2.1,1,6,1,47,0.3,173,6,18,2215,13,12,Xiaomi
888,0,2.5,1,5,0,14,0.9,98,5,17,1849,5,1,ZTE
1419,0,0.5,0,0,0,39,0.2,189,7,1,3435,9,2,ZTE
1959,1,0.5,0,0,0,30,0.1,153,3,1,3057,14,1,Samsung
1394,0,0.6,0,1,0,63,0.4,103,6,2,1731,19,18,ZTE
1715,1,2.5,1,2,1,30,0.9,134,7,3,768,19,9,ZTE
588,0,2.9,1,1,0,40,0.3,116,6,5,2780,5,2,Nokia
1607,1,0.5,1,2,1,29,0.7,105,2,9,3469,10,1,Xiaomi
1171,1,2.8,0,8,1,47,0.4,192,1,11,3092,8,2,HTC
1138,0,1.5,1,0,0,57,0.2,85,4,6,313,16,11,ZTE
1096,0,1.2,1,3,0,40,0.6,113,4,13,2931,10,8,Apple
906,0,3,0,10,1,14,0.5,83,8,15,1761,17,11,Xiaomi
740,0,3,1,0,1,47,0.7,166,3,5,3578,15,5,ZTE
1435,1,0.5,1,10,1,62,0.1,150,4,14,369,8,1,LG
1745,1,1.2,0,3,1,21,0.2,89,3,14,3507,18,1,Samsung
1995,0,2.6,1,2,1,4,0.8,171,2,20,3452,6,3,HTC
1813,0,1.8,1,10,1,28,0.5,159,2,14,981,15,14,Apple
1719,1,1.9,1,2,0,40,0.1,118,3,12,2534,10,6,Nokia
812,0,0.5,1,1,1,17,0.6,182,7,11,3248,13,10,Apple
987,1,2.9,0,0,1,63,0.3,154,7,6,2646,12,1,Samsung
977,1,0.7,0,5,0,50,0.5,106,3,6,3454,15,14,ZTE
1289,1,0.7,0,0,0,7,0.1,99,2,18,375,5,1,Apple
1125,1,0.5,0,3,0,42,0.9,158,1,20,1622,13,0,HTC
1733,1,1.9,1,14,0,28,0.8,104,3,15,2246,18,6,Nokia
1333,1,1.2,1,1,0,35,0.9,198,1,4,3816,18,7,Nokia
964,1,3,1,3,1,48,0.9,131,6,13,1597,15,7,Samsung
1613,0,1.3,0,1,1,24,0.4,195,2,5,3733,15,5,Xiaomi
1123,1,1.2,0,1,0,8,0.6,171,4,4,2877,17,9,LG
1913,1,2.8,0,0,1,7,0.3,136,4,16,3227,6,0,Samsung
1302,0,0.5,0,3,1,20,0.6,184,7,7,1446,8,6,ZTE
797,0,1.4,1,0,1,9,0.1,104,1,14,1043,13,11,Samsung
1074,1,1.5,1,5,0,9,0.1,174,2,7,1649,16,3,ZTE
1411,1,2.6,0,0,0,61,0.3,165,5,3,483,16,5,LG
1502,1,2.2,1,0,1,16,0.5,187,5,1,3712,9,2,Samsung
983,1,1.5,0,1,0,22,0.1,170,4,20,1694,19,15,Nokia
1457,0,0.5,1,7,0,8,0.3,120,7,13,584,13,4,Samsung
1315,1,0.9,0,3,1,40,0.6,162,6,6,3431,8,2,Samsung
1514,0,0.7,0,11,0,11,0.2,187,5,17,2315,13,0,Samsung
1604,1,0.5,1,0,1,63,0.8,169,5,1,3870,16,13,ZTE
1919,0,0.6,1,11,1,63,0.9,109,8,20,2205,9,4,Samsung
1152,1,3,0,2,0,44,1,80,3,4,986,7,5,Apple
664,1,2.9,0,10,1,40,0.1,173,5,15,3366,8,4,Samsung
1848,0,0.5,0,9,0,36,0.1,174,6,10,3380,10,2,HTC
1319,0,2,1,9,1,28,0.8,178,1,19,3095,7,1,Apple
1189,1,2.5,0,4,1,20,0.3,171,7,9,2509,17,7,ZTE
1130,1,1.3,1,1,1,59,0.8,98,6,4,3785,17,4,Samsung
654,1,1.3,1,11,0,5,0.7,199,4,14,3801,14,13,Samsung
727,1,0.5,1,0,1,42,0.1,163,8,1,2039,5,0,Apple
1688,0,0.9,1,7,1,53,0.3,88,6,16,2156,5,4,Apple
1275,0,0.5,0,1,0,44,0.6,136,8,2,1354,7,5,Nokia
1108,1,2.2,1,3,1,37,0.4,143,5,14,3094,6,1,Samsung
839,1,2.7,0,4,0,37,0.7,93,2,7,3505,5,1,Samsung
1464,0,0.5,1,1,1,6,0.4,97,5,2,3725,9,1,Apple
750,1,1.3,0,0,0,33,0.8,156,1,0,1422,6,5,HTC
1749,0,1.1,0,9,0,57,0.6,183,3,15,786,8,1,Samsung
1229,1,0.5,0,2,0,42,0.1,197,5,5,1712,11,9,HTC
1506,1,2.9,1,19,1,47,0.6,130,7,20,1522,5,1,Xiaomi
1887,0,2.1,0,0,0,23,0.5,148,4,20,1811,18,16,ZTE
652,0,0.5,0,6,0,3,0.6,193,1,8,2807,19,17,Nokia
1422,1,2.8,0,7,0,30,0.5,99,6,14,2229,15,5,ZTE
709,0,1.9,1,10,0,63,0.3,150,4,14,1509,7,2,Samsung
583,0,0.5,1,1,1,62,0.8,84,8,6,886,13,2,Samsung
941,0,1.3,1,3,0,26,0.4,128,3,5,2875,6,3,Samsung
763,0,1.2,1,4,1,59,0.6,119,1,17,2863,18,3,Xiaomi
1581,1,1.4,0,0,1,55,0.6,138,2,1,3936,5,1,Samsung
1045,0,1.5,1,5,0,25,0.3,83,2,10,2267,18,4,Nokia
1308,1,0.5,1,0,0,34,0.5,169,5,0,386,8,0,LG
702,1,1.2,1,1,0,38,1,82,5,7,3131,11,9,ZTE
868,1,2.8,0,4,1,36,0.2,175,7,13,1655,12,10,Xiaomi
877,1,2.3,1,16,0,12,0.9,107,4,20,3730,14,3,Nokia
1275,0,0.5,1,5,0,24,0.3,184,2,11,3397,19,15,Nokia
1439,1,0.5,1,0,0,50,0.7,182,8,1,805,8,5,Xiaomi
510,0,1.3,1,0,1,15,0.5,131,1,1,2187,5,4,Samsung
1038,1,1.8,0,1,1,42,0.2,150,6,11,3984,14,9,HTC
529,1,1.4,1,13,1,32,0.7,139,2,17,1561,12,0,HTC
1203,1,1.7,0,8,1,20,0.7,157,3,17,2307,7,5,Xiaomi
768,1,2.5,0,10,0,13,0.2,133,4,18,1921,8,2,Nokia
1780,1,1.5,1,2,0,30,0.2,82,1,8,1066,13,6,ZTE
1021,1,0.9,1,2,1,9,0.5,184,8,4,773,13,2,ZTE
1334,0,1.2,1,0,0,35,0.1,199,2,1,1038,16,14,HTC
1153,1,0.5,0,2,1,34,0.6,133,3,3,2225,9,8,Samsung
1138,1,1.8,1,0,1,51,0.3,172,4,2,1327,13,12,ZTE
1263,0,2.3,0,13,0,4,0.9,178,7,18,668,14,3,Samsung
825,0,2.5,0,11,0,56,0.7,173,3,20,1692,18,1,HTC
1894,1,0.5,1,10,0,16,0.1,172,3,20,1021,18,17,Samsung
1383,0,1.7,0,11,1,40,0.1,147,6,19,2510,18,9,HTC
837,1,1.1,1,2,0,27,0.5,167,4,9,2388,5,0,Samsung
640,0,2.3,0,0,0,63,0.2,94,1,1,346,10,7,Apple
1194,1,2.2,1,3,0,3,0.2,90,5,8,2872,6,5,Xiaomi
520,0,0.6,1,2,1,44,0.6,127,3,9,3616,15,4,Apple
942,1,2.5,0,6,0,11,0.5,196,5,19,1783,7,5,LG
558,1,2.2,0,5,1,24,0.1,169,4,16,482,12,4,LG
1733,0,1.6,1,9,0,56,0.5,111,6,15,3352,6,5,Nokia
1210,0,1.3,0,0,1,52,0.1,183,8,1,1104,11,2,Samsung
880,0,0.5,1,7,1,32,0.5,141,4,17,1141,19,17,Apple
1938,1,1.4,1,4,0,60,0.4,171,2,7,3691,9,5,Apple
657,0,1.3,1,4,0,28,1,118,2,19,2602,9,0,Nokia
1273,0,0.5,1,6,1,47,0.2,98,1,12,303,11,2,Xiaomi
1842,1,0.5,0,0,1,19,0.2,147,3,0,585,11,3,ZTE
1567,1,1.3,0,8,0,45,0.6,99,4,12,927,19,9,HTC
914,1,1.7,1,6,0,36,1,128,2,13,786,19,8,Apple
1568,0,1.8,1,4,0,22,0.1,119,8,6,294,13,2,Apple
873,1,0.5,0,4,1,30,0.2,175,6,18,3655,15,13,ZTE
1371,0,0.5,0,0,1,57,0.8,108,4,5,286,11,9,HTC
1739,0,1,0,1,0,15,0.9,100,1,7,3285,17,8,Xiaomi
630,0,2.2,0,1,0,56,0.2,119,8,10,1317,6,5,HTC
1507,0,3,0,0,1,54,0.3,112,6,9,3547,17,6,Nokia
735,1,0.5,1,4,1,17,0.6,131,2,6,2484,11,2,Apple
941,0,2.5,0,1,1,41,0.3,117,8,4,1791,7,4,Nokia
1216,0,1.7,1,1,0,26,0.7,116,3,4,3607,10,0,Apple
621,1,1.9,1,10,0,3,0.6,148,8,15,3521,6,3,Nokia
934,1,2.4,1,3,0,61,0.2,138,6,4,1180,14,12,HTC
1962,1,0.7,1,1,1,18,0.9,159,7,6,2026,10,3,Samsung
574,1,0.5,1,0,0,41,0.8,85,6,13,1865,6,5,LG
1078,1,2.5,0,3,0,56,0.6,158,2,6,3471,10,2,Xiaomi
761,0,1.3,0,15,1,37,0.9,174,8,16,2270,9,1,HTC
1758,1,2.1,0,14,0,29,0.1,155,3,20,2940,14,5,ZTE
1745,1,2,0,13,0,47,0.6,154,2,18,1715,6,4,ZTE
1657,1,1.9,0,1,1,40,0.2,170,3,6,841,13,10,Samsung
968,1,0.9,0,10,1,26,0.5,88,5,14,3381,14,5,LG
1329,0,2.8,1,1,0,10,1,105,4,10,337,5,4,Xiaomi
1923,0,0.5,0,2,1,13,0.7,147,2,4,1868,11,6,HTC
613,0,2.5,0,0,0,53,0.4,200,8,0,1509,19,18,HTC
1268,0,2.7,0,4,0,53,0.5,141,1,9,2903,17,0,Xiaomi
519,1,2.9,0,2,0,3,0.6,83,3,5,1231,8,6,ZTE
1157,1,2.8,1,16,0,19,0.5,87,8,18,1403,6,1,Nokia
519,0,0.6,1,7,1,45,0.1,186,7,11,1580,12,10,Apple
1308,1,2.2,1,1,0,51,0.2,113,5,17,1189,14,1,Xiaomi
1403,1,0.5,0,4,1,42,0.5,144,8,9,1381,12,7,ZTE
936,0,2.7,0,2,1,38,0.6,122,1,17,2826,19,15,Xiaomi
1878,0,0.8,1,8,0,31,0.5,183,7,10,1342,17,14,ZTE
1141,1,2.9,1,1,1,2,1,92,2,4,3386,6,0,Apple
794,1,2.7,0,2,1,3,0.3,127,2,18,1141,18,6,Nokia
1260,0,1.9,1,3,0,60,0.9,85,2,6,3964,15,8,Xiaomi
1281,0,3,1,2,1,6,0.6,191,2,9,2713,13,7,Apple
1208,0,2.7,0,0,0,17,0.2,168,2,1,2165,9,1,Nokia
1023,1,2.8,1,16,0,44,0.7,176,4,17,1830,14,11,Xiaomi
1515,0,2.2,0,9,0,36,0.1,118,3,10,3546,7,6,HTC
1333,1,1.8,1,1,0,45,0.6,128,5,5,2585,7,1,ZTE
529,1,2.3,0,3,1,58,1,197,2,18,873,11,5,HTC
1887,0,1.7,0,6,1,41,0.9,81,8,15,1664,19,14,Apple
876,0,2.7,0,12,1,41,0.3,92,7,16,3334,16,3,Apple
687,1,2,1,13,1,56,0.8,131,7,19,569,18,1,Apple
1153,1,2.8,1,0,1,62,0.2,94,5,0,3353,7,5,HTC
1637,1,1.7,1,5,1,33,0.4,118,6,16,3693,7,3,Xiaomi
1131,1,0.8,0,0,1,27,0.9,162,5,16,503,12,5,ZTE
1764,1,1.2,0,0,1,8,1,125,3,1,2406,19,18,Apple
1544,0,1,1,2,1,64,0.3,193,1,6,1715,8,0,Xiaomi
844,1,0.7,0,3,1,22,0.9,172,7,4,2179,10,6,ZTE
985,1,0.5,1,4,1,5,0.8,158,8,9,3071,14,4,Apple
703,0,1.3,1,6,1,18,0.1,178,1,9,355,8,6,HTC
1906,0,0.9,1,3,0,14,0.5,114,4,12,3375,6,3,ZTE
617,0,2.1,1,11,0,40,0.9,108,1,18,2921,17,1,Nokia
617,1,0.6,0,7,0,47,0.5,153,8,18,341,11,3,HTC
716,1,1.3,1,0,1,56,0.7,167,1,2,3947,6,3,Xiaomi
676,0,1,0,1,1,54,0.8,182,5,2,2650,5,0,ZTE
1770,1,2,0,8,0,12,0.8,118,2,9,3816,8,4,LG
1857,0,1.9,1,0,0,62,0.6,147,1,0,336,19,0,HTC
524,0,0.9,1,8,1,10,0.1,85,7,14,625,6,0,Apple
576,0,0.9,1,8,0,56,0.1,174,5,17,3891,12,9,Samsung
553,1,0.5,1,2,1,8,0.5,153,4,3,1042,15,11,ZTE
1012,1,2.2,1,10,1,8,1,181,3,12,2141,18,14,Samsung
823,0,2.5,0,11,1,24,0.5,195,5,15,2279,6,4,Xiaomi
1928,0,0.5,1,5,0,44,0.9,109,8,19,3828,9,4,ZTE
804,0,1.5,0,5,1,12,1,183,1,10,2310,10,8,Xiaomi
1517,0,1.6,1,0,1,42,0.7,101,3,1,2162,9,0,ZTE
1500,0,2.8,1,7,0,39,0.1,176,8,11,1988,10,6,Nokia
1425,1,1.2,0,4,1,37,0.7,135,7,6,2786,17,1,ZTE
547,0,2.4,1,4,1,3,0.4,197,8,5,1972,11,5,LG
1886,0,3,0,13,1,26,0.5,115,1,17,1828,5,3,Xiaomi
1804,1,0.5,0,1,1,4,0.5,111,1,13,3286,17,8,Nokia
685,0,2.2,1,2,1,2,0.4,172,3,6,1282,7,6,ZTE
1352,0,0.5,1,8,1,22,0.9,111,2,12,1562,16,5,Xiaomi
1785,1,2.5,0,0,0,18,0.1,180,4,1,1202,12,4,Samsung
1300,0,1.9,1,4,0,61,0.5,143,6,5,2262,16,11,HTC
1184,1,2.1,0,2,1,33,0.5,199,8,5,2828,6,4,Apple
1180,0,2.3,1,7,1,24,0.2,198,2,16,2025,8,0,ZTE
886,1,0.9,1,13,1,2,0.6,102,4,15,621,11,4,HTC
1309,0,1.5,0,9,1,12,0.9,98,6,20,293,15,0,Nokia
744,0,0.5,0,1,0,38,0.3,188,3,5,2001,15,13,HTC
1408,1,2,1,1,1,59,0.9,172,6,3,393,15,11,HTC
734,1,2.7,1,1,1,32,0.8,93,8,5,714,13,7,Apple
500,0,1.4,0,0,0,28,0.4,128,3,1,3460,9,3,Apple
1745,0,2.8,1,0,0,45,0.7,186,1,0,1019,6,4,Apple
1296,1,1,1,6,0,43,0.2,171,3,13,1692,15,0,Xiaomi
1256,0,0.5,0,15,1,51,0.6,83,2,18,2213,13,9,ZTE
782,1,1.8,1,8,0,20,0.6,109,5,19,655,17,4,LG
965,1,0.8,0,5,0,24,0.7,105,4,7,1567,5,0,Nokia
652,1,2.9,1,4,1,14,0.2,196,6,18,1706,12,4,ZTE
1847,0,2.8,1,6,0,29,0.7,112,7,13,1017,16,7,HTC
1363,1,2.1,1,9,1,46,0.5,120,4,19,2951,7,0,Apple
1946,0,0.5,0,0,1,39,0.4,112,5,1,533,18,14,LG
1701,1,1.6,1,2,1,53,0.8,88,6,14,3340,14,11,HTC
1754,1,0.5,1,13,0,38,0.9,83,6,20,2765,6,4,HTC
1938,0,2.9,0,0,1,37,1,94,4,1,3881,5,1,ZTE
992,1,2.6,1,10,0,52,0.3,107,7,12,332,14,9,HTC
897,0,2.4,1,7,1,38,0.8,110,2,9,519,6,5,ZTE
1423,1,0.5,1,7,0,58,0.9,112,3,9,1683,15,13,ZTE
1343,0,0.5,1,6,1,23,0.4,97,5,17,2629,13,7,LG
761,1,2.6,0,5,1,52,0.8,141,3,18,2587,11,5,HTC
1742,0,1.4,1,3,1,20,0.1,134,8,6,1828,18,7,Apple
1181,1,0.8,1,0,1,51,0.9,198,5,5,608,15,10,HTC
1754,0,1.7,1,1,1,58,0.9,197,3,17,1446,18,3,HTC
1315,1,0.5,1,0,1,58,0.8,86,2,3,2258,17,2,HTC
649,0,2.9,0,0,0,38,0.5,130,1,10,558,8,4,LG
1967,1,0.6,0,2,0,25,1,109,6,9,1666,9,7,Xiaomi
926,0,1.7,0,2,0,12,0.8,179,2,9,2244,14,8,Apple
933,0,1.8,1,9,0,33,0.2,191,8,19,758,14,13,Xiaomi
913,0,1.7,1,12,0,58,0.2,200,5,14,1061,17,12,ZTE
1651,0,0.5,0,1,1,57,0.2,193,1,6,3421,9,0,HTC
1154,1,1.7,0,5,1,42,0.5,117,5,7,3950,17,14,Apple
1181,1,1.6,1,5,1,32,0.2,181,1,16,1435,11,10,Samsung
1933,0,0.5,1,0,0,63,0.4,181,8,6,3142,14,3,LG
1341,0,1.4,0,8,1,38,1,170,5,10,1579,16,4,HTC
534,1,1.5,1,3,1,3,0.3,89,1,8,2987,18,0,ZTE
1324,1,0.9,1,7,1,28,0.7,95,6,8,3269,12,3,LG
1803,1,2.6,0,7,1,9,0.9,112,2,12,406,9,3,Nokia
1888,1,2.7,0,1,1,53,0.1,146,4,3,1604,10,6,Nokia
1540,0,1,0,4,1,40,0.4,162,5,7,793,12,7,Nokia
1590,1,2.4,0,5,0,15,0.9,157,8,6,1983,13,10,HTC
1183,0,0.5,1,11,0,24,0.6,130,2,16,2637,16,1,Nokia
1774,1,0.5,1,1,0,45,0.8,145,4,16,879,10,0,Apple
1159,0,2.1,0,2,1,27,0.7,137,1,15,3258,8,0,Xiaomi
723,1,1.9,1,0,1,10,0.5,159,1,3,2380,12,4,ZTE
543,0,0.9,0,3,1,6,0.4,91,1,9,564,8,5,Apple
1348,1,0.5,1,18,0,40,0.1,148,1,20,3543,12,1,Xiaomi
1836,0,0.6,0,18,1,57,0.8,111,5,20,1039,5,3,HTC
1290,0,1.3,0,0,0,31,0.7,117,8,0,1895,11,9,Nokia
645,1,2.9,1,3,0,5,0.1,185,3,6,1315,11,1,ZTE
1654,0,2,0,2,0,58,0.7,119,7,3,2801,8,0,LG
1156,1,2.3,1,0,1,3,1,95,2,0,3786,11,1,Xiaomi
1341,1,2.6,0,4,0,43,0.4,194,6,8,3065,6,5,Apple
1427,0,0.6,0,8,1,40,0.8,121,8,12,2338,10,8,Xiaomi
1541,0,1.6,0,1,1,7,0.5,143,8,14,3137,9,0,Xiaomi
1693,1,1.4,0,9,0,41,0.1,139,2,17,575,16,5,ZTE
1567,0,3,0,13,0,23,0.6,178,3,18,3600,16,11,LG
1564,0,1.7,0,5,0,35,0.9,173,4,6,2545,18,6,LG
1787,0,1.1,0,4,0,11,0.4,103,7,9,541,14,11,Samsung
770,1,0.6,0,12,1,33,0.4,90,2,14,1686,18,2,LG
1748,1,0.8,0,1,0,7,0.5,189,7,4,989,12,7,Nokia
1859,0,0.5,1,0,1,47,0.1,85,7,0,2691,14,13,ZTE
975,1,0.9,0,5,0,6,0.6,163,6,17,3787,8,7,Xiaomi
1597,0,0.9,1,2,1,10,0.6,172,7,5,2138,12,7,ZTE
1941,0,2.3,1,9,0,42,0.7,108,4,12,763,13,3,ZTE
1061,0,2.6,1,6,0,49,0.6,133,7,20,2260,19,16,HTC
1620,1,2,1,7,1,11,0.5,191,4,11,1732,13,2,Xiaomi
1366,1,1.3,0,5,0,51,1,129,3,15,2716,17,15,Xiaomi
1324,0,1.7,1,9,0,46,0.1,107,2,19,1424,16,7,Nokia
1363,1,2.6,1,1,1,39,0.2,129,5,2,267,6,1,Xiaomi
1570,1,2.8,0,0,1,18,0.4,148,5,13,3153,6,2,Samsung
1524,0,2.1,1,6,1,64,0.4,83,5,16,2905,6,1,Nokia
1179,0,2.1,0,0,0,2,0.3,93,3,0,1435,19,13,Samsung
1555,0,0.5,1,8,1,2,0.9,90,2,11,3596,11,6,LG
981,1,0.5,1,1,0,15,0.5,159,5,10,1831,17,10,LG
1920,1,2.5,0,6,1,8,0.4,194,1,7,2099,10,5,LG
1470,0,0.5,0,0,0,54,0.1,84,6,1,1790,16,7,Samsung
1986,0,0.8,0,5,1,13,0.2,108,8,7,1190,7,5,HTC
1371,0,2.8,1,2,1,19,0.6,94,4,3,1767,6,1,Nokia
1852,0,1.6,1,5,1,25,0.1,85,3,15,3199,8,4,Apple
1472,0,1.4,1,7,0,6,0.1,182,8,10,1621,17,0,Samsung
1055,1,1.2,1,18,1,29,0.8,101,6,19,2364,13,3,HTC
1371,1,2.1,1,0,0,3,0.3,173,2,12,2202,15,14,Xiaomi
782,0,1.1,0,0,1,38,0.4,199,7,2,2753,14,13,HTC
1452,1,0.9,1,6,1,36,0.5,82,5,12,1005,12,4,Apple
519,1,2,1,11,1,33,0.7,135,1,12,889,19,3,LG
1989,0,1.8,1,16,1,10,0.9,86,3,18,2158,14,8,Xiaomi
1754,0,1.6,0,0,0,15,0.1,166,5,1,1966,12,7,HTC
1329,0,1,0,3,1,42,0.1,144,7,4,774,14,8,Nokia
1093,0,1.1,1,0,0,42,0.4,114,1,4,2856,12,3,Apple
986,1,2.2,1,5,1,38,0.3,95,7,9,343,15,13,Nokia
848,0,1.1,1,7,1,39,0.4,107,4,16,475,18,4,LG
1146,0,0.5,1,4,1,21,0.5,152,7,6,1182,15,2,HTC
841,1,0.5,0,0,0,59,0.2,103,6,16,1169,8,6,HTC
1140,1,0.9,1,0,0,40,0.1,119,3,1,3386,13,4,LG
1091,1,1.8,1,4,0,8,0.5,100,3,8,3626,5,0,ZTE
1360,0,0.7,0,8,1,25,0.4,108,7,20,3934,16,4,Samsung
1038,0,1,0,2,0,28,0.2,154,4,6,3913,11,1,LG
1111,0,2.5,1,4,0,46,0.4,152,1,11,851,14,8,LG
1220,0,0.5,1,8,0,52,0.8,121,3,19,1458,18,12,ZTE
1636,1,1.8,0,9,0,52,0.9,188,5,11,2363,13,0,LG
1800,1,1.6,1,2,0,23,0.8,187,2,8,1966,15,2,Apple
674,1,2.4,0,5,0,49,0.6,130,1,9,2179,8,0,Xiaomi
1591,1,2.4,0,4,0,3,0.5,192,8,5,615,19,6,Samsung
1190,0,0.8,0,5,0,61,0.6,145,3,16,305,7,0,Xiaomi
572,0,2.8,0,4,1,35,0.2,99,6,5,3106,12,1,LG
1143,1,2.9,0,0,0,64,1,143,8,0,2080,16,5,Nokia
1492,0,0.5,0,13,0,36,0.4,185,1,16,592,10,7,Samsung
1825,1,2.3,0,9,1,27,0.8,163,8,11,2502,15,11,ZTE
1450,1,2.4,0,2,1,45,0.6,83,5,8,941,13,12,Nokia
1629,1,2.3,0,4,0,48,0.4,121,1,8,2532,5,4,Xiaomi
669,0,0.5,1,0,0,46,0.7,144,2,0,2981,17,7,HTC
575,1,1.1,0,2,0,10,0.2,163,5,11,2956,17,7,LG
900,1,2.8,0,3,0,56,0.9,112,4,18,2281,8,2,HTC
1057,1,0.5,0,4,1,42,0.7,112,7,7,2688,6,3,Xiaomi
1247,0,0.8,1,16,0,24,0.8,116,5,20,522,9,2,Apple
1992,1,1.3,1,8,1,43,1,153,5,15,2179,7,6,LG
974,0,2.1,0,1,1,17,0.7,162,4,3,1901,16,0,Nokia
1715,1,0.5,1,8,1,47,0.4,116,8,9,3163,18,15,Nokia
1570,0,0.5,0,15,1,26,0.6,157,2,20,426,8,0,ZTE
1724,0,2,1,1,0,21,0.2,105,2,8,695,16,0,Nokia
1886,1,1.6,0,0,1,47,0.1,180,5,6,3287,12,3,Samsung
1177,0,2.4,1,7,1,38,0.7,162,6,16,1880,16,4,Samsung
1036,0,1.4,1,6,1,37,0.5,184,7,10,3864,5,2,Xiaomi
1336,1,2.6,0,7,0,26,0.5,83,5,17,325,8,2,LG
1004,0,1.9,0,12,0,24,0.8,128,8,17,650,6,0,Nokia
1123,1,2.9,1,10,0,5,0.1,145,3,15,2567,11,8,Apple
1730,0,1.3,1,2,1,48,0.4,198,2,13,2452,8,2,Nokia
1890,0,2.1,1,13,1,17,0.5,127,4,17,2585,5,2,LG
1055,1,3,1,1,0,56,0.6,111,7,8,1532,5,0,Apple
805,1,2.4,1,2,0,59,0.7,110,1,3,2917,12,2,Apple
608,0,1.3,1,15,1,2,0.4,139,3,16,3635,13,4,LG
1130,0,0.6,0,5,0,51,0.5,175,8,12,2098,5,2,Apple
1208,1,0.7,0,8,0,13,0.9,86,3,18,484,11,9,Samsung
535,0,1.3,0,1,0,53,0.5,151,7,3,720,10,2,HTC
1191,1,1.7,0,1,0,7,0.4,102,3,2,2734,18,5,ZTE
922,0,2.7,1,0,1,3,0.5,100,4,0,3910,18,8,LG
966,1,0.5,0,3,0,37,0.7,123,3,7,817,6,5,Samsung
1351,1,0.7,0,10,0,48,0.5,134,8,16,3781,15,0,HTC
732,0,1.3,1,12,1,48,0.5,141,4,16,832,18,10,Apple
1005,0,2,1,9,1,11,0.8,132,1,16,939,11,4,ZTE
1575,1,2.4,1,2,0,22,0.7,81,2,7,1091,16,8,Apple
1427,0,2.8,1,10,1,11,0.5,155,1,14,2417,9,3,Apple
1306,1,2.9,0,5,0,26,0.9,145,4,12,2552,17,0,HTC
1911,1,1.1,0,3,0,25,0.4,106,5,12,1251,11,0,Apple
1170,1,2.2,0,4,1,63,0.7,83,1,5,2658,11,10,Apple
1278,0,1.5,1,6,0,64,0.2,146,8,13,339,6,1,ZTE
1709,0,0.5,0,0,1,55,0.8,144,3,3,3124,15,7,Xiaomi
1904,0,0.8,1,2,1,27,0.6,198,6,7,2387,5,4,Apple
1741,1,0.5,1,6,0,37,0.7,183,1,16,1415,17,9,Samsung
1288,1,0.5,1,0,0,48,0.5,92,6,3,2465,5,4,Samsung
1976,0,2.5,1,4,0,33,0.7,196,3,15,2947,16,11,Samsung
1270,0,0.5,0,1,1,62,0.5,142,4,2,3747,18,13,HTC
1246,0,1.6,1,0,0,52,0.6,187,8,4,552,7,3,Samsung
1544,1,0.5,1,12,1,20,0.9,144,5,14,1826,11,10,LG
671,0,0.5,0,1,0,38,0.1,105,8,5,2210,6,1,Samsung
582,1,2.3,1,6,1,51,0.9,156,4,14,2587,6,3,ZTE
1951,0,2.1,0,5,0,22,0.5,132,6,6,945,16,5,Nokia
822,0,1.1,1,2,0,44,0.9,146,2,4,3288,8,5,Samsung
733,1,0.5,1,9,1,63,0.1,153,4,10,3003,12,9,LG
820,1,0.5,1,10,1,15,0.3,149,8,12,702,6,0,ZTE
1455,0,2.2,1,8,1,19,0.3,174,4,10,2029,8,0,Xiaomi
1723,1,0.6,1,1,0,57,0.3,122,5,19,3138,12,8,Samsung
1869,0,1.6,0,2,1,60,1,124,6,16,1521,14,8,Apple
1670,0,0.5,0,1,1,33,0.9,127,2,3,1830,5,0,Xiaomi
1734,0,1.4,1,8,0,57,0.5,188,4,15,3822,9,4,HTC
602,0,2.5,0,7,1,59,0.3,166,4,11,1914,11,2,Apple
1060,0,2.5,1,6,1,31,0.6,162,1,11,2819,10,4,HTC
1445,1,1.4,0,11,1,8,0.7,164,4,14,3120,7,3,Xiaomi
1005,1,1.6,1,6,0,32,0.6,199,7,13,2119,14,9,HTC
536,0,0.5,0,8,1,27,0.3,108,1,13,1676,14,7,Apple
1255,0,1.1,0,0,1,34,0.2,85,3,1,1749,19,17,Apple
1252,1,2.6,1,1,1,43,0.8,124,1,3,2447,18,15,LG
1471,1,2,0,0,1,54,0.7,127,8,0,3315,17,1,ZTE
914,1,2.3,1,0,1,47,0.5,119,3,3,3402,14,10,Nokia
1439,1,2.6,1,3,1,14,0.3,101,8,6,763,5,3,Nokia
732,1,0.5,0,6,0,60,0.1,92,4,9,3065,19,12,HTC
1025,1,1.9,0,3,1,38,0.7,138,7,5,3530,5,0,Samsung
842,0,2.7,1,18,0,31,0.4,161,1,20,496,14,1,LG
643,1,1.8,1,0,0,28,0.4,199,1,20,2885,8,6,Samsung
667,0,0.7,1,8,0,23,0.8,136,4,14,3720,19,10,HTC
1791,1,2.3,0,5,0,29,0.9,196,1,6,2500,10,7,ZTE
1104,0,0.5,1,2,0,57,0.6,129,5,15,2254,14,7,HTC
1276,1,3,0,5,1,33,0.6,136,4,13,2395,11,1,Xiaomi
927,0,1.2,1,2,1,22,0.1,162,2,3,3741,7,4,Xiaomi
859,0,1.1,1,11,1,19,0.5,139,5,16,2473,10,4,ZTE
1162,1,2.9,1,2,0,57,0.3,146,7,19,1316,10,2,ZTE
1876,0,2.4,0,11,0,22,0.7,168,2,18,1403,15,11,Xiaomi
1057,0,2.7,1,3,0,36,0.7,105,3,11,2521,19,15,Nokia
1926,0,1.8,0,1,0,15,0.9,86,2,5,735,5,2,ZTE
853,0,0.6,1,3,1,40,0.7,166,4,9,2510,8,3,LG
1949,1,1.5,0,1,1,7,0.5,175,8,19,1406,5,1,HTC
1981,0,0.5,0,3,0,38,0.2,103,5,10,1392,5,0,Samsung
1556,1,2.9,1,5,1,21,0.5,197,3,19,1969,11,3,ZTE
660,1,0.7,1,3,0,12,0.4,161,8,14,3549,19,18,ZTE
1955,1,1.4,0,1,0,30,0.2,91,6,2,2340,9,0,ZTE
1567,0,0.6,1,6,0,63,0.8,83,5,13,1777,6,3,Apple
1307,0,2.1,0,5,0,44,0.1,189,5,6,2402,5,4,LG
1421,1,2.9,0,2,0,43,0.2,130,4,11,845,14,6,HTC
1332,0,2.4,0,0,0,44,0.9,81,8,1,1176,16,10,Xiaomi
1628,1,1.4,1,4,0,3,0.4,184,6,20,1624,11,1,Apple
1752,0,2.6,1,8,1,17,0.4,115,5,10,3323,19,11,Xiaomi
1733,0,0.5,0,2,0,20,0.5,156,8,3,1197,8,7,Nokia
1081,1,1.2,0,7,0,51,0.2,194,2,11,412,16,4,Apple
854,1,2.6,1,1,1,45,0.5,162,6,12,2317,12,5,HTC
1657,0,2.6,1,3,1,22,0.5,87,4,20,1852,15,5,Samsung
1053,0,2.1,0,4,0,12,0.1,95,7,7,3701,13,1,ZTE
1370,0,2.9,0,2,1,24,0.3,100,5,3,1672,10,4,HTC
1652,1,1.5,1,1,0,57,0.1,175,6,17,489,12,2,Xiaomi
915,0,2.8,1,4,0,22,1,174,5,12,572,7,1,HTC
1272,1,0.5,0,1,1,50,0.7,129,8,18,2969,15,2,LG
646,1,2.3,1,15,1,10,0.9,180,8,17,3005,14,0,Xiaomi
1359,1,0.9,1,6,0,40,0.1,182,2,7,2805,19,14,Nokia
1691,0,0.5,0,0,0,24,0.3,119,1,3,2900,16,5,ZTE
796,1,1.5,1,3,0,62,0.7,99,8,12,434,16,2,HTC
534,1,1.9,1,1,1,60,0.2,159,1,18,3599,10,4,Samsung
721,1,2.6,1,1,0,39,0.6,168,2,2,3372,5,1,Nokia
675,1,2.8,0,11,0,44,0.1,169,5,20,2980,15,12,Apple
1182,1,1.4,1,5,1,21,0.5,107,2,17,1765,13,5,Apple
1062,1,2.9,1,3,1,12,0.3,152,2,10,3664,9,6,Apple
732,1,0.5,0,1,1,7,0.4,113,6,2,1423,13,2,HTC
781,1,0.9,1,0,0,62,0.1,94,2,1,1442,9,0,LG
790,1,1,1,9,1,45,0.1,200,6,20,3184,17,5,Apple
1480,1,0.9,0,0,0,62,0.9,199,1,0,1780,18,14,Xiaomi
946,1,1,0,13,0,56,0.7,128,6,14,2565,17,10,HTC
1545,1,1.7,0,1,1,59,0.7,183,3,20,1443,8,2,Nokia
898,0,2.7,0,0,0,16,0.2,81,4,4,2286,5,0,ZTE
1662,0,0.5,0,0,0,48,0.8,155,6,2,2787,12,7,ZTE
1056,0,2.2,0,6,0,2,0.4,166,6,13,3215,16,8,Apple
1074,0,1.4,1,0,1,17,0.7,115,1,6,401,18,11,HTC
1772,1,0.5,0,0,1,55,0.5,149,5,0,3346,17,2,Xiaomi
694,1,0.5,1,6,0,3,0.8,107,3,10,991,11,3,Apple
1387,1,1,0,0,1,3,0.9,154,6,5,2909,19,1,Apple
1259,1,1,1,7,1,6,0.1,110,7,11,2897,16,14,Apple
1066,1,2.4,0,6,0,23,0.6,173,3,7,896,12,9,Samsung
940,1,2,1,7,1,24,0.6,81,1,15,2971,10,0,Apple
1517,1,2.2,1,11,0,19,0.3,179,2,16,1972,11,0,HTC
986,0,1.4,1,6,1,29,0.2,122,7,10,2742,17,12,HTC
1595,1,1.1,0,4,1,31,0.1,101,3,7,2875,16,13,HTC
708,0,2.4,1,0,0,56,0.7,104,7,1,1920,7,3,Xiaomi
726,1,0.5,1,1,1,6,0.7,183,5,2,1653,8,5,LG
761,1,0.5,0,4,1,5,0.8,181,1,17,3111,5,3,Xiaomi
643,0,2.6,0,0,1,8,0.3,115,4,4,3740,8,7,HTC
871,1,1.7,1,0,0,56,0.6,124,6,2,1794,13,4,ZTE
1347,0,2.1,1,4,0,44,0.8,97,2,14,399,16,2,Nokia
1659,0,2.7,0,18,0,64,0.7,83,2,19,1778,10,9,LG
1259,0,1.2,0,0,1,61,0.5,82,5,15,1415,10,1,Nokia
544,0,1.6,0,5,1,39,0.1,91,6,7,3262,19,7,Apple
1570,0,0.6,0,7,0,12,0.2,141,8,13,1895,18,11,Nokia
690,0,2.9,0,8,0,38,0.9,154,1,10,3427,13,6,HTC
1053,0,2.5,1,12,1,3,0.6,86,4,19,792,17,6,HTC
1772,0,2.4,1,5,0,8,0.1,135,3,13,2297,8,6,Samsung
1891,1,1.3,1,10,1,23,0.4,158,2,17,2610,9,5,Samsung
937,1,1.5,0,2,1,44,0.8,133,4,6,493,9,7,Samsung
913,0,2.9,0,13,1,34,0.7,183,4,19,2800,7,2,ZTE
1066,1,0.9,0,4,0,43,0.4,101,6,11,3856,14,0,Apple
840,1,1.6,1,0,0,7,0.9,147,2,3,3327,19,6,Nokia
710,1,2.3,1,1,1,24,0.4,153,2,3,3678,18,4,LG
623,1,0.5,1,5,1,29,0.9,134,3,10,717,12,5,ZTE
700,1,1.3,0,2,0,40,0.1,150,8,11,2537,15,10,Samsung
995,0,2.6,1,4,0,7,0.8,157,1,6,1272,16,6,Samsung
1325,0,1.3,1,10,1,33,0.9,165,1,12,726,10,2,Xiaomi
1982,1,2.6,1,7,1,43,0.3,113,4,8,1791,9,2,ZTE
1401,0,2.7,0,0,0,16,0.1,187,5,4,2668,11,8,HTC
636,1,2.6,1,7,1,55,0.3,183,2,14,3558,10,7,HTC
1637,1,0.6,1,12,1,57,0.5,111,8,17,3329,11,9,Nokia
1036,0,0.9,0,16,0,9,0.2,119,3,18,299,11,8,Xiaomi
1247,1,2.1,0,10,1,63,0.1,116,4,12,2999,9,3,ZTE
1207,0,1.1,1,9,1,56,0.1,141,6,11,2293,12,4,HTC
1198,1,0.5,1,0,0,31,0.6,125,7,7,2777,16,3,ZTE
1796,1,0.5,0,0,0,44,0.2,169,4,4,1378,12,0,LG
1855,0,1,1,8,0,58,0.9,145,4,14,2834,14,2,Samsung
1557,1,1.6,0,7,0,26,0.3,154,5,14,885,17,2,ZTE
958,0,0.5,1,0,1,47,0.7,116,8,0,1706,6,2,Nokia
1882,1,2.1,1,0,0,17,0.1,127,8,5,2996,9,6,HTC
1489,0,0.5,1,7,0,60,0.8,197,7,10,677,5,2,HTC
1980,0,0.5,1,7,0,15,0.4,141,6,12,1710,11,2,HTC
1235,0,1.8,1,3,0,21,0.5,197,3,4,464,14,2,Xiaomi
829,0,2.6,1,11,1,10,0.1,132,2,13,975,12,6,ZTE
1998,1,0.5,0,6,0,47,0.2,182,4,7,3918,9,4,Nokia
1814,0,1.6,0,6,1,3,0.7,156,5,16,2489,9,3,ZTE
1711,1,0.5,1,1,1,12,1,97,1,18,2461,9,4,HTC
971,1,2.1,0,9,0,7,0.3,143,4,17,811,18,2,Xiaomi
991,0,2.6,0,0,0,19,0.5,133,7,2,1358,16,14,Apple
905,0,1.9,1,11,1,12,0.7,173,7,12,852,19,0,ZTE
1653,1,1.3,0,0,0,49,0.7,99,7,4,377,9,7,Apple
635,1,1.9,1,0,1,57,1,136,6,11,3954,15,4,ZTE
1807,0,1.2,0,4,0,37,0.8,162,1,11,2741,7,1,Nokia
1797,1,2.6,0,4,0,42,0.6,174,3,20,3359,16,6,Nokia
1895,0,0.5,1,0,1,62,0.9,99,2,0,2563,10,8,LG
567,1,2.7,1,14,1,56,0.4,165,8,17,336,7,6,Nokia
936,1,1.4,1,0,0,46,0.8,139,2,0,684,8,5,Apple
1700,1,1.9,0,0,1,54,0.5,170,7,17,2121,14,8,ZTE
609,0,1.8,1,0,0,13,0.9,186,4,2,1933,8,1,HTC
1185,0,1.4,0,1,1,8,0.5,80,1,12,1223,5,0,Samsung
1533,1,0.5,1,0,0,50,0.4,171,2,12,2509,15,11,LG
1270,1,0.5,0,4,1,35,0.1,140,6,19,2828,9,2,HTC
